-0.4898619485211566,-0.009129825816118098,-0.10101787042252375
0.3031859454455259,0.5774467022710263,-0.8122808264515302
0.44308006468156513,-0.5424755574590947,0.8905413911078446
0.08282494558699316,0.8782983255570211,-0.23759152462357513
-0.5668012057387732,-0.15576684883456537,-0.9419184248502641
-0.5566166674539299,-0.12422481269885588,-0.008375517236298702
-0.5338310994848547,-0.5382669169180314,-0.5624379253246228
-0.08079306852453283,-0.42043677081902886,-0.9570205894681822
0.6751559513251457,0.11290864530486688,0.28458872586489115
-0.7582200803883872,-0.3346096292797418,0.44296881516653674
0.4223835393905593,0.8728811735989193,-0.15578600007716958
0.660071386548654,0.34061113282814204,-0.3932629781341648
0.1751612122871189,0.7649580016637154,0.6923948368566255
0.010567641159200836,0.17800451596510336,-0.9309483396973168
-0.5145200529138647,0.5948084951086057,-0.17137200139845143
-0.6539851968418982,0.09759752277630596,0.40608152413126297
0.3489716610046545,-0.25059395899671943,-0.12207673991087375
0.016852976499963646,0.5568852300002916,0.041876835226290376
-0.21348981007154788,-0.02061295907548355,-0.9408500720661859
-0.9130254192869451,0.406764177207672,0.9663754346193478
0.18636746076011512,-0.21280062724417204,-0.6593016062886374
0.004477116866966169,0.9641532750770685,0.5410462796616011
0.07923489689955754,0.7205795578410992,-0.5356477438739708
0.027543326375274013,0.904934776536539,0.15558961560240614
-0.08173653617866328,-0.46144104511715756,0.09599261893249778
0.6182798017449591,0.0373565670460041,0.12271572955675802
-0.14781864062369965,-0.8877534049585192,0.7400203103532796
0.1399986677527605,-0.6003211596457139,0.00944093485772668
-0.030149775544531687,-0.2864200709100886,-0.30784416196369024
0.07695759147568859,0.24697890559501023,0.22490492956545127
-0.08370639980055117,-0.9440500318323153,-0.5407899374459522
-0.6455774821228346,0.16892174155688267,0.7220177217066497
0.5968778811548521,0.5941951252709925,0.6328747411213818
-0.4894119198253881,0.683489664548192,0.3462270508774141
0.5111735505043964,-0.5008815486931544,-0.7810227454112812
0.24960416830495258,-0.31115427180701016,-0.8609692429383053
-0.680748950612305,0.05476079809602563,-0.6637101075551435
-0.4541711263626398,0.42317985437054584,-0.09059673990867223
-0.35599646722534817,-0.052457971659442215,-0.9527308447360259
-0.22688579047706026,-0.15816264158184823,-0.6239213904973742
-0.5818180148964598,0.21129728006803306,0.6340793367557738
0.43767094552357966,-0.6795448147405907,0.4092112557040051
0.356351590553895,0.08940432715780888,-0.5588005039546469
-0.5536084395066585,0.2970128361985127,-0.21020398028340082
0.15169192557611333,-0.3575083813097495,0.2618957225426939
-0.8824297675870174,-0.4027881007539733,0.9358066203017783
0.7510684884703185,-0.38722675933350814,0.7170288127131186
-0.3792727452937319,0.8785768642705649,0.48768423733424227
-0.167655474469949,-0.4952837954403293,-0.9830394750726623
0.924402250361636,0.1405611404903604,-0.6569658096445627
0.017747492155780975,-0.24406233131278388,-0.30613823087475667
-0.5884764854105906,0.34830602849372827,-0.13409975779936745
-0.4078546538336969,-0.00040015552639682817,-0.34930869024800737
-0.5982939771184812,-0.34451858980746497,0.9740994358560522
0.5654007514587511,-0.3218087042981326,-0.5739404072383725
0.34891013944752647,0.6754021403079287,0.8643749437872545
-0.31230037041836045,0.7647864049329272,0.37422036430731476
-0.031002554775011903,0.9710164596515956,-0.530719130257923
0.45093037248254486,-0.8306395391670316,-0.6606117164112248
0.20041766026449914,0.6822643914117101,-0.2637840011887018
-0.3194295299960239,-0.41756942517773066,0.7348396471738055
0.20796505778342245,0.9086149143443798,0.7745302094339255
-0.7293080452090941,0.10234094813843297,-0.7914500039707728
0.5762328974504527,0.6570119429382271,-0.3182050717668332
0.23037206511807318,0.5638072032655095,-0.24392074232322525
0.14156305119804657,-0.5525718545024616,-0.8365134752952126
-0.4665527140365273,0.7815362557106107,0.1288936664803948
0.8501344042169465,-0.08446148191750935,-0.44563446778460336
0.5740293271206576,0.6555363132914593,-0.9752365110266668
0.34082327804786194,-0.8166337547669644,-0.7697950031441454
0.9763169972120653,-0.15797282513946542,-0.7688836388154534
-0.6652331250773365,-0.5171594298043138,0.48801283307401677
-0.49317972791774656,-0.04597980805546431,-0.799741712099096
0.30410039897883445,-0.920759573172591,-0.9789876969626554
-0.10031093073980446,-0.3734382778621441,-0.8740704199047094
-0.7772753797462162,-0.5696134599278031,0.2356137600231114
0.959905771780154,0.08582639496943112,0.37637961609542514
0.32366885775069854,-0.48182801629271,0.08320452582593107
-0.38535776437497304,-0.5072376078298155,-0.8372624692324244
0.3040210690253411,0.2869321605396833,0.881469044498
-0.21904289772215368,-0.3864314102969728,-0.3455171706257336
-0.36652970622879577,0.6942695316524301,0.787000491043202
-0.39438134065496744,-0.3313331886984763,0.08845082836436835
0.15797087263416776,0.1919250800020087,-0.5098039922095028
0.10240950983101205,-0.8581672649209311,-0.849740415490954
0.2707641871261144,-0.4183568991612088,0.5843695157645847
-0.01347791449972413,0.7252979555594188,-0.6916408076743119
0.0028591718933865806,0.5899669874920479,-0.8457860274721678
-0.7862445308368804,0.028716502110498476,0.8387138784213759
-0.4130210112586645,0.7875175953915796,-0.7166387059466102
0.6814370444934756,0.4923697708090444,0.3791903586005292
-0.6436902687113528,-0.1347239980475261,-0.6842061124956789
0.42964890393762256,0.33555747937108404,-0.49482718441223317
0.09853986278503846,0.08275530396996134,0.7025853326627598
-0.09338064475556429,-0.20857911055846512,-0.3226617102098823
-0.16663223540318017,0.14120726315544507,-0.8753567383929579
-0.29011311262740835,-0.7234317720898042,-0.7497419694290193
-0.48177406216834395,0.6578687619703163,-0.20440537387025448
-0.1978356961581973,0.2248898459858779,-0.5329406934083001
-0.9850456539157315,0.057403479773426414,0.0017992391144532327
0.2976791846817066,-0.1233660887165684,0.37302626131640126
0.4628438983221437,-0.5232506496759524,-0.009855498567978183
-0.04234622483641326,-0.549875829922466,-0.1755077341653184
0.12081486897597804,0.8138790090116965,0.8354131676764445
-0.44954927306840187,0.2928303512851771,-0.9036053132771924
-0.8568972235442058,0.023383418400413136,0.754848157892974
-0.6810645384843379,0.5320557175946243,0.7660191387510928
-0.3763959363293954,0.38511392920562915,0.6979822449731503
-0.2567713385048702,0.40256532581561744,0.4728362331506364
0.189155609681803,0.7125542778260094,0.7932087422326977
0.9201576339297182,0.14246538843509104,-0.6474482095870493
-0.4988091822452414,-0.5647626229868339,0.13903469919558864
0.43430652673502146,-0.3040369840863846,0.030111608586683714
-0.6704036959376503,0.45979230097399726,-0.9185826253269023
-0.46494751070577656,0.8257257801848639,0.918877675754143
-0.7217476819570581,0.5515145006314313,0.6838617170870476
0.3194347126279651,0.40081553283346105,-0.10988253577097673
0.6054230616007137,-0.13415681723892736,-0.6704915626334524
-0.3490654462854721,-0.747339850330315,0.8177695198054091
-0.1835518045828337,-0.7638199379964217,-0.409048970376366
-0.5035672578387038,0.49915362237951344,-0.9919820880919081
-0.6203225921338327,-0.12245385976012613,-0.9579306538282575
0.2550531770749609,0.2112550771570083,0.6706647017657277
-0.5867883686296307,-0.43043677287682236,0.0846788615054972
-0.45354860557413623,0.17147616680591793,-0.4982355410999817
0.3670543051719146,0.5821814367360039,0.6173092403276148
0.9472322190996938,0.09075400765173769,-0.01838144034197131
0.7113953995972873,0.5381347717187586,0.14108925877407041
-0.23348723046747244,-0.43190510853288155,-0.7837215825316639
0.6150981787465608,-0.7638569389386689,0.494530469376087
0.09057417953629199,0.9298906575726558,0.522131319706377
0.14515657433090934,-0.377497085375053,0.006064976412995193
-0.28636247279330806,0.056787942702887007,-0.998310564102221
-0.11537133577514225,-0.10089571252148222,-0.39040162355757735
-0.2011945048069188,0.5661746223439816,0.36682576792560573
-0.01540173421658042,0.29533648368436616,-0.24488357629797397
0.196328397427322,0.7633258661413922,0.6588424999770601
0.021920415742386234,0.974036290098854,-0.07683805226039331
0.6691869723336765,-0.18206931743805765,0.48926123547746325
0.24006741745532167,0.06191236074806916,-0.281155936029692
-0.18949585652336198,0.7224906179551009,0.16885605416426386
0.4676615849063357,0.7958183432742207,0.49754692715027504
-0.014595896189906199,0.4915366805736925,0.2807108009905275
0.2974908693266809,0.25935071737730975,-0.1860020500230144
0.25852406257517613,0.2674650218912551,0.8742359190779554
0.5649473707416459,0.6925361332021813,0.5349995802851444
0.6306517239820577,0.2109247894604216,-0.30109982322663265
-0.4708334833637273,0.41604005412965894,0.7478841496263806
0.08849351560576024,-0.6958600660849996,0.6659505703948565
-0.03091384217706472,-0.06579474344363145,-0.9092238803085615
0.020561845580191696,0.4894953309094343,-0.15480437770852018
-0.28964537282289715,0.31368707779770366,-0.9605172252038308
0.014327193949282835,0.8922541910652391,0.380895183876953
-0.19615254348557487,0.3778164725869235,0.20998783863191717
-0.5822212170348646,-0.584583338540293,0.7720505793980572
-0.46186157958873864,-0.8502304449797418,0.6613551811924543
0.04639553515292616,-0.2635836680540946,0.023037844265266116
0.4734513767025228,-0.6628927842248045,0.3061339964730505
0.42687399679968197,0.6300068878567557,-0.4604787326477233
0.2193326613283888,-0.5357722432530057,0.12208934723907161
-0.655274056142211,0.5795352497625623,0.7334357293009992
-0.3407128793589429,-0.5553628763740133,0.9275768341116641
0.41338062650304197,0.6875852444893151,-0.9389310501251804
0.7987866233055485,0.2449041217952732,-0.36694169151786515
-0.13646875421518367,0.5231859870020521,0.570823911861948
-0.6201982636371355,0.25177301067596014,-0.6687409449956847
0.9460996624700215,-0.11284688738833171,0.826290010406568
0.456495689573587,0.21251980879121657,-0.47603193731022597
0.05318464580976645,-0.7227605167260285,-0.7238040135224133
0.43149953247131956,-0.2778204633331023,0.5027526229732633
-0.5190127921724774,0.436316284629541,0.4369538527935546
-0.38900823789497885,-0.7872291322407172,-0.2059842896257318
-0.015276999345327669,-0.8000515706044313,-0.6264774792644283
-0.8893138943690391,0.19502714311008784,0.7777522467438323
-0.31511366869620727,0.6757372360613112,-0.7638657895737555
0.38527387637925337,-0.809538301496727,-0.2005885059652024
-0.009954237195642257,-0.24421145393531796,-0.6628048423910406
-0.536565374795545,0.6402999949997887,-0.07484839041502034
0.15986548944701973,-0.576185964767681,0.42987011757306637
-0.3397654817054727,0.1872371749720816,0.8189741255916312
0.715175650721765,-0.36085112558558885,-0.23370474803576458
0.16050751935266616,0.8376804619414251,-0.20014281332391626
0.7600603375468236,0.5171210564083513,-0.695453840587549
0.32962242577337486,-0.8857606267222151,-0.24102022865163297
-0.7400422829461331,-0.07422145229348764,0.6799606875092021
0.275026025329705,0.48922853587971327,0.3735427531173525
0.6912455438364524,0.32603237699738674,-0.22059614464931232
0.2621260474320226,0.9391896167374063,0.28320666604650513
0.18099099658841689,-0.3007705147791824,0.21070549932206184
0.12051519212694695,0.04434354557309139,-0.8783907159410866
-0.2935448952477304,-0.17469995412089823,-0.601263318782324
0.7602104624570141,-0.1517604452383412,0.3247713308048896
0.4270928988917917,0.4865661205450107,0.4422305818253971
0.5044170032781989,-0.49683861169847154,0.9528073533857935
0.6261116044646438,-0.06166634706962415,-0.2594936177241487
-0.11330044769858572,-0.7435937539426447,-0.2096234744280252
0.41529480962100385,0.7646312184048163,-0.9507605770733132
0.04901911720617824,-0.8192468099294832,0.6007869143100697
0.4652123490126001,-0.37358661390510495,-0.739990200693905
0.5891444441703435,0.61383876379037,0.7117195975451442
-0.3925110534718863,-0.15033927796205293,-0.5092200114914931
0.1143549860330122,-0.33978566642050434,-0.3226733280819636
-0.7906241397600848,0.30514986536922106,-0.10277656430383963
0.4025725203764241,0.07123801157278353,0.7936367836562508
0.663234129416018,-0.41734822477134204,-0.6859362095598251
-0.25929626242461024,0.0421553451451715,-0.8052398203387425
-0.3092414270882793,0.14981132842395994,-0.9128507628962974
0.629897353037659,0.302234091366556,-0.3726996568204728
-0.40335803748966303,-0.2947677184243591,-0.349422607589714
0.4970275539175064,0.0021137149425052293,0.052256794599651935
-0.34487109522357606,-0.8623077206043339,0.9588231635035913
-0.04060431638148221,0.8257694745684474,0.8552344849949669
0.04742344457168146,0.1512080260082984,0.9849950559723157
0.5678970999325055,0.4058324333099108,0.49329807368887746
-0.2768444718330463,0.8846271156804335,0.28700177923045755
-0.1948507829399666,-0.07085684540478288,0.9595098546214651
0.06425679486307634,-0.6644049282510234,-0.7032900117319003
0.3744843933154953,0.12555106183003706,0.8136125223750086
-0.6307993119012585,-0.17778237254625995,0.45592043727195675
-0.4685415668091504,-0.7861248075314651,-0.4766048630062756
0.26428217546964183,0.05275487364876552,-0.8430064789183382
-0.653265483506378,0.7236681346906695,-0.9563012333160767
-0.2637904152272166,0.695259474019303,0.42055682551044504
-0.4324951884160213,0.7825629890022499,0.19615600248598053
0.351200675475005,0.08895262945626059,0.8894704757455805
0.5963214856707779,0.45163700092871606,0.6280647492528264
0.49356562691909533,0.5406650212513886,0.02856759542333931
-0.025848372632072625,-0.19251385903590035,0.7653938607881721
0.592463755283968,0.16919519641395087,-0.9197618312861582
0.7022831885201011,-0.08309264471529065,-0.6204789435785716
-0.40129144942767137,0.38266895178077354,-0.9889858433489138
-0.7599107053598033,-0.3946927262471327,0.7743827103664336
0.14393645515727505,0.10275361362854918,0.05125442760343346
0.08408114224115182,0.6371351022539946,0.9067374694029193
-0.18339846130059145,0.2599304852047484,-0.38448118489202465
-0.39617922706985964,0.012634701195110454,0.17253531724701565
0.09998893398805153,0.9531594064019964,-0.6740575246104037
0.13181702846660892,-0.2632736948003165,-0.19572223303385128
-0.23316761450655465,-0.07127071511808625,0.5918150064578629
-0.2547339404249689,0.4987276174464106,-0.03715923773295837
-0.3269173892072019,-0.08770342463955205,-0.7669810878675563
-0.2910064884320611,-0.1696111388763739,-0.9636728466301465
-0.6558520523599889,-0.4795339052712033,0.7157680560219093
0.17915427366133074,-0.4257101871128457,0.9954533936517116
-0.484158799960398,0.02757667433138078,0.4790395709984572
0.3826410811197025,-0.1329946318879216,0.5539953844840915
-0.0284117875179013,0.4309301350954322,-0.017246917644941906
0.9043371245108895,-0.2017401956072402,0.4470111755644528
0.9915687151383223,0.09919193712289887,0.06897235545336033
-0.30659492243774555,0.8922107912836943,0.9391984779542555
-0.7936603019457922,0.10566772042315953,-0.16074154026941367
0.34329232187749326,-0.7627067268621075,-0.4693314182079671
-0.44249324233767817,-0.040574121398917695,0.586565668942975
0.7156950242470967,0.5728472801181645,0.3536136693398926
-0.8256144841552209,-0.22056585365849268,0.33740324448485537
-0.4115044372981882,0.015636794238707008,0.8101567237538501
-0.22727113047784608,0.8107788071392212,-0.5975998764168706
0.04148525383486645,-0.16679193462167619,0.7758945664040631
0.7900103004306929,0.08959135283589648,-0.5707501204503826
0.5193246248894443,-0.3258214017592669,-0.02805125560075905
0.0810719523646215,-0.11949753314459044,0.5197104350357142
0.6847713306659255,-0.5428796781895491,-0.45087067380044377
0.41252309451027713,-0.17671389656757075,-0.7395969293070412
-0.6093788235229574,0.12169862732330006,0.1969888940974438
0.9201431432132408,0.06555990628072395,0.21796152754672815
-0.702290491076349,-0.17239616408702418,-0.44041741668959045
0.3908456758528507,-0.46588549775888843,-0.5711993798798598
-0.26463120283176456,-0.05890188751127545,-0.3232100579714956
0.21146431206042715,-0.6375926622866555,0.7598205891333074
0.38834272997250596,0.06952643617137588,-0.883675448537671
-0.3479867200779694,0.3802147378782532,0.2901285553188351
-0.012538634532586412,-0.339916778826608,-0.744155468236585
-0.7197658166535386,-0.4870611097659494,-0.8239424730053151
0.07765106602053407,0.40584488287614295,0.12614518660431595
0.369533495845459,-0.5475039845219203,-0.6011913045791273
0.13514969736195415,0.7685711876729602,-0.15547090280591025
0.23074846297899576,-0.8308691271684967,-0.5509793120596922
0.20227796910353457,0.036859666992374196,-0.9537504446259684
-0.3403311767127628,-0.7211176438122902,-0.49835664184973183
0.539961966027007,0.3624051596821576,-0.9179541416913022
-0.8452497558024512,0.44985844193068747,-0.7935806021096385
-0.365960028038141,-0.4613247434850489,-0.9004669731593604
0.8674114602811798,0.2767562522188163,-0.5158780054172685
0.3592883695486424,-0.45273362088258806,0.030476032021524047
-0.3563446259654852,0.8973418192895068,-0.2952749591569266
0.6071256069985929,0.2823859263086721,0.6866511572286473
0.21232074390701494,0.7407699714761944,-0.18967403335760524
0.35800538326269393,0.24127432294747675,0.0554674189625024
0.12887995568992316,0.0715239634200544,-0.21245856134451624
0.7966387751607973,0.2654588118593608,0.09824614425188183
-0.8921218872056691,0.017056228367514414,-0.6497065538081306
-0.5699535623605274,-0.13077546247104,0.0919136407969312
-0.49917573423932593,-0.4581312396402115,0.06029267999149668
-0.05353185346613465,-0.19342503385435394,-0.7924929597241319
-0.2530446936327997,0.3088425245504427,0.08839788083944389
0.08950542741249534,0.6876362235018725,0.4463260994457432
0.3648246397407524,-0.6884544480689334,0.8269460883629813
0.6831795096545605,0.6964593644049979,-0.3290705775455962
-0.23653090248807995,-0.12056479743659398,-0.7642804387702806
0.20201052941595843,-0.46048835970025626,0.3337586028420174
0.5987758880685576,0.20736804534660824,-0.9836303809690585
-0.24098730464296647,0.1238275310738648,0.7656241372398003
-0.08094239189675156,0.5584364895813747,0.19711780070139917
-0.15544154828693313,0.8670531119427698,-0.18313818564811646
0.21155824455600536,-0.8934514209749302,-0.05847226412386086
0.016156729507489587,-0.28742320014492906,-0.4581933798949971
0.6041739355610898,0.639416734836582,-0.5096531223127982
0.6165721211104422,-0.5203767552146252,0.12471312212897079
-0.2845659871101851,-0.682681603485298,0.553708866843261
0.83268333530507,-0.3726028886080597,0.7595250714909618
-0.30748781184120766,0.31511072256823525,0.9915791883820702
-0.24739348353826673,-0.41213640937347784,0.6322711011951561
-0.11795960667443528,0.3984805977055417,0.26986227347919
0.03799157059749181,-0.887937555588824,0.34607049991937777
-0.025121302985892546,-0.31803083781190056,0.42085343780341966
-0.23352271867390728,0.6676967137022947,-0.6505772263222251
0.4331831817001761,-0.8006070219225603,-0.3287796679902866
0.9398173589862657,0.3132310099180382,0.5690475207090007
-0.07738913978657025,-0.05766605780199385,-0.014749710985593856
0.5463105836984188,0.4464996149654541,-0.6124637956620576
-0.11879121662888004,0.08404784083977712,0.1428572906297101
-0.2477585611549462,-0.7820549935250112,-0.9475523583233116
0.33444284650742984,0.5957419546685019,-0.42299316945734056
0.2675964341265331,0.47214916039911015,0.8253012333566934
0.07546358846884749,-0.21841520083471733,-0.9893519648295115
0.3245370116688715,-0.31504907217020817,-0.5216994870296521
-0.6487852428006642,0.17070549758632758,0.026236537350162514
-0.14514964467789415,0.5888013845750035,0.8715647684881396
0.44924964294194103,0.40061172103925635,0.38122903722326806
0.3071134090156784,0.07350796576173302,-0.5041685939108864
0.5589540372035942,-0.7618131255058553,0.2877763367943087
-0.22602537140719092,0.11992508313940342,0.28287268899385976
-0.04215294055671226,0.9561882245313715,-0.521613899210756
-0.44385484273825004,-0.16888190557512472,0.18993346591593885
0.06937655264887588,-0.10262900602695768,0.0031742275214881044
-0.1647836036410948,-0.6647642746734332,-0.20903186949275399
-0.22182180272972318,-0.5985611603350336,0.6338373464112093
-0.2800181518765632,-0.6970272174559138,0.133748639814381
0.6896868225210506,0.561122145071002,0.2440805298635882
0.46207601369207496,-0.3277708451693866,-0.7145770898689559
-0.4899806789714969,-0.3012927117308619,-0.44173245779471726
-0.0644771901746366,-0.7019353366813719,-0.739476428049608
-0.49455226621157844,-0.6069926161995571,0.6034012523196006
0.07511364845076995,-0.6031775542644855,-0.14156578904226635
0.7438311314557269,0.15522429554451866,0.10782850474869954
-0.21736385358083732,-0.608325122556542,0.2508101751617351
0.4926946223584934,-0.23474171135941013,0.3648228665807052
0.18201080854094132,-0.7416486490862326,0.07700420240088701
-0.8516649018605955,-0.5175633750867914,-0.23666217715401872
-0.42865766283256224,0.323518704159671,0.9736693709667943
-0.2862769700727137,0.677194195662489,-0.5498013153993901
0.41866177534762095,-0.3045592681747322,0.0707266523207577
-0.07309450176504462,-0.4194084137597578,0.620405906767701
0.18518945728300706,0.2303698714469724,0.5094971275864988
-0.36878970027116154,0.6245422532017364,0.9132788318890832
0.2583824965637831,-0.7934160215777499,0.7079742615713551
0.2668562469854874,-0.5082015880246646,-0.5842559411490806
0.015442630601261387,-0.7568683041313125,0.8120401648536821
0.41572438496611785,0.6385643623354955,-0.23235895244995808
-0.596911907402474,0.5266905361818188,-0.24390008057578005
-0.03593871675436833,0.22716366098326635,-0.4646792555196879
0.27686716866157357,0.3431438605576409,0.8427383088226383
0.005733642475565848,0.7105722488528949,0.9355034421934179
0.537790829861641,-0.1576163262345469,-0.45604040482676145
0.11902579688834258,-0.09213856229501793,-0.9103071616820153
-0.5713244617888238,0.645793165715387,0.07731923196234902
0.3562336228206089,-0.9146836422919726,-0.154666858408401
-0.11645011322511611,0.9137454654756341,0.1906350031793116
-0.6199987851478541,0.019494613778645586,0.04365777016500294
-0.6058508272063952,-0.2805372974479965,0.7549892751284935
0.8117533482879173,-0.08308112555444569,0.6681120784671546
-0.6464402542817966,-0.7046307049125982,0.813324569739867
0.2922139063671034,-0.211237337173259,0.8114194773464132
-0.05874155519867785,0.8692843325299644,0.10438214164452231
0.8197149317229708,-0.045687198379253724,-0.14635842584660752
0.1773646287463102,-0.3653790683266478,-0.7012047678809183
0.17866488629201704,0.7019258439076226,-0.4444475015123661
0.7300428242556976,0.5742579220365354,0.5513517165330255
0.15129759284455835,-0.7729800636032613,0.14763098254128293
-0.2633102722423355,0.10176636329980981,0.2749280537688401
0.16545413545016618,-0.030149565693366576,0.2687104803884228
0.6942845216332105,-0.10758120813246297,0.0001587557659215033
-0.3499401306979175,-0.5721252240815227,0.7920198974043688
0.017281508756562758,0.6429617160563506,0.9913021674963263
0.7037393638457916,0.2176751996350994,-0.9247961981453878
-0.87307101834492,0.26147215435874904,0.6397646187309627
0.14754239895688603,0.23724383240164082,-0.8501716001539956
-0.8334139119643573,-0.43514212145156805,0.4522923624680897
-0.4743828589491319,-0.5788366630848374,-0.44574119565331194
-0.03915676404362012,0.47509818542224713,-0.39735406953991004
-0.8497491247845781,-0.369082863037804,0.8515715792185998
-0.2721151590487918,0.49493932779563066,-0.9425807149815144
-0.36904607091105035,0.4995591813893918,0.7737403445988997
-0.9187473102379067,0.17670686099026245,0.32721709652885655
0.7458337325731554,-0.15084114396019666,0.9460993692753443
-0.6051484311694053,-0.7704747678720687,-0.7399089936348757
0.17344755688668,-0.7551190000542269,-0.4668063751111422
-0.33014924932928347,0.9280315282120688,0.44646803073108376
0.1039143955687829,-0.981644477991916,0.5294236374999441
0.05631542504209319,-0.5811260574610562,-0.4224718623903325
-0.01903117439309443,-0.2572440456614027,-0.21603988193797385
0.3068609546643264,-0.6095172227275367,-0.6369975330304163
0.36878801320579946,-0.40607428617150365,0.86591037483902
-0.1475198177447441,-0.05195776576582589,-0.9536595122912517
0.32908681958565467,0.90439511605981,-0.13506113250084195
0.4153411326139731,-0.31279572339519257,-0.8518761300008417
-0.15962910361150606,0.4032486604783181,0.6084476485004491
0.1007319679832126,0.00219037912969422,-0.04478696584750197
0.36098309961531894,0.15141258992578654,0.7143236513138782
-0.09985168868716321,-0.057650176206587966,0.664158601586035
0.3512725356131927,0.04890199454905897,0.12689301021312893
0.6114080905381498,0.21476400702759713,-0.4816991946788838
-0.3795135764082138,0.20920993026156998,-0.9083038153958998
-0.08484727952574067,0.7838137202789961,-0.5357123984696754
-0.1116879104204831,0.39900917524098345,0.8510075559555206
0.39254644495992075,0.25166075147442735,-0.23221007194622745
-0.12528143742307707,0.28389386998448063,-0.28736022306188036
0.484093517870156,-0.3871198836157095,-0.9700784336853341
-0.3236824526068056,0.17837163624110053,0.5738941404824134
0.7407324321529491,-0.5828736764701172,-0.836526329388602
-0.7432703110418921,0.381530512784253,0.9189557047137766
0.21487412364453262,-0.5348558123825995,0.9247790521986943
0.4011067552810741,-0.6340314931343778,0.5324358605856585
0.00834928080201558,0.14808597625446485,-0.26842553462810526
-0.41249694856977914,-0.15912684906811303,0.05280445475941997
-0.07711397393520514,0.7325312921095493,-0.8515889206487233
0.23505957783398546,0.2594998810373943,-0.5130097312755855
-0.2106415572857787,-0.5797031727153967,-0.6960335266577191
-0.004178551273399611,0.35050285080651067,-0.9376262278546641
-0.25848136191081417,0.10779095205506062,0.7487564355312741
0.02641385033271848,-0.36483351977086653,0.20752147006269306
0.1672238505754,-0.4154224722027646,0.0961034098665452
-0.827138310094127,-0.01621749825826302,0.0022978070462897904
0.7404438645486353,0.4958132601281471,0.4987559463599649
-0.5388857416181223,-0.7950263679486553,0.030458264264098922
0.022656800792572707,-0.7405501411548672,0.8450820304203788
-0.8764054116168436,0.4634608435007235,0.7050427946603182
-0.5772812594628545,-0.5997804214617217,-0.40927372006013085
0.10133150997037399,-0.49724060462726394,-0.5329668941695225
-0.5785022915683296,0.7740020462836537,-0.5228173290164158
0.11066032499895684,-0.0947331929900217,-0.3371900867419506
-0.1864796710051968,-0.9680175101377604,-0.6299043073413761
0.28027813276167035,0.5229747024901401,-0.5632603582010718
0.58972087970166,0.7561038095723962,-0.7074023475822966
0.6659487849947088,-0.6998866166034621,-0.9137860723195792
-0.42753318009101604,-0.3113534739865178,0.17908039822081356
-0.11495648026124661,0.5869140956969252,0.3295337734388146
-0.7616120419286303,-0.5952644042068003,0.49232585323397404
-0.5603268304706197,-0.4277771753959583,-0.4957501809715046
-0.15431189729062567,-0.5027207177491373,-0.9354739826331289
-0.49646562688107365,-0.6104025047158392,-0.3001516259128194
-0.09147048347522291,0.7486244279503651,0.3191119412668122
0.23096445772721097,0.7290580373839863,-0.22693310544820777
-0.14781220359005465,-0.5110097999570751,0.6604041381082852
0.7709320824879236,0.06453776812272483,0.8415348525578554
-0.08731612020182267,-0.2962318462745739,-0.20790028634514868
-0.05736926926318531,-0.9657792542831802,-0.7453107043739045
-0.6639686777858023,0.1336303223186328,0.7432187281329796
0.42279162595923125,-0.701009688274101,-0.08463213376857803
0.2546083949839657,-0.7296179210973566,-0.8406222937605505
0.22407664736931077,-0.5291432536251457,0.29011480979938353
-0.6569137829947111,0.7118103276649954,-0.3805193591525744
-0.14328239628643868,0.09993251194449959,0.7726959206116137
-0.28800557948089023,0.9249296987963198,0.01549199125756262
0.2540832133628761,0.3316869344492046,-0.3158458224804579
-0.4582300799302448,0.22779193090801342,0.9298634499065501
-0.5796642294171608,-0.5060609752276213,0.6958158955634308
-0.345867893646137,-0.1940893941470705,-0.2805196378761772
-0.26222649952533605,0.7806440482517976,-0.7182807004098384
-0.5438469786137823,-0.37711270789199003,0.02138880654070663
0.8021793647053066,0.07891445756356985,0.8071089664604829
0.08385406120518923,-0.13575174119001399,0.7429271703862781
0.16167051362618845,-0.050046023981560106,0.024902282121294306
-0.28874005086023913,-0.13379729085470737,-0.851682822750164
-0.5895672704437482,0.5259930512652089,-0.7328312132878616
-0.5835030224740585,-0.6728127973419906,-0.27423642301637696
-0.9014236661292752,-0.2793411302199931,0.2193888610202528
0.35594889068736446,0.7346936942847107,-0.8258446389250358
0.28764570736866624,-0.607371753430139,-0.3151498114317244
0.15025870042151412,0.6759065216119804,0.3412172005595513
-0.03927420747133792,-0.9275888219288633,-0.8952548078705416
-0.26645543426339136,0.1183169387206926,-0.7289699541301806
-0.8633882178191272,-0.362327103849041,0.48304448922422516
0.7807915029482191,0.145778105998017,-0.03815987202531179
-0.16890935821722786,-0.8570185115624736,-0.8741376997346948
0.31681376167839104,0.7183456320010162,-0.9619035573340462
-0.6395466192294978,-0.34506560525607677,-0.37386312689634926
0.668392625711312,-0.49520087436774407,-0.38757290017418944
-0.024831706047654167,0.9016144873497551,-0.4109700894004791
0.26740874783371904,-0.9028012288241734,-0.13711977853446133
0.30828950880466066,0.1310828997813327,0.1520630908206786
0.21710542225695928,0.35077306885084236,-0.3546721615967696
-0.29656764723954687,-0.20598762695699335,0.044674064881563336
0.1340033366737612,0.7479307829181507,-0.2083277108922108
-0.10150463655517594,0.6653088849952615,0.9421498730456015
-0.5142088675833527,0.46086036622103665,-0.504776253119239
0.13995739049103628,0.3991827715525056,0.8340611237347539
0.5901905621653534,0.12616090041742978,-0.00565048459660189
-0.973547497600209,0.10533134228679408,0.12444887803074756
0.48420368806324743,-0.6692038984092665,0.1773230042030407
-0.12444768492141156,0.37537197239516495,0.3246211043991576
-0.39280289633090604,-0.823509761067305,0.5159953813502351
-0.2858465582842864,-0.6772473583421821,-0.11558662458590852
-0.8812126600130257,0.3088604087162199,0.019082564240230804
-0.383684393253132,0.10877322713430981,-0.14518588083877848
-0.08403015866206265,0.10424817071996229,-0.6604437750588916
0.23120699088697605,0.9103374676230469,0.18407960001617063
0.5749993355084906,-0.4349283177632388,-0.6908084797528289
-0.23997030089474913,0.30944649149179204,0.4691991087632026
0.23626518081797876,-0.12087465153028143,0.6298675467553079
-0.11528042906866975,0.6706074208977886,-0.8919503229085819
0.4440208987491854,-0.8054037013911743,-0.22487887535529594
-0.11322505180293874,-0.6360258091236408,-0.10210325536185172
0.9512310116056173,-0.10006725060509059,-0.22052853866323496
0.8252938888788268,0.5517460965536027,-0.6529535972789364
0.19577213038928565,-0.6391903180261111,0.5514410738283706
0.11286550850507626,0.5971795867642189,-0.8701450381367191
-0.11680501199816562,0.7777008376432457,-0.7967163117479354
-0.8924135156398496,-0.06342342081370034,0.8609366030898629
-0.06937214238530598,0.014943690538838261,-0.6716160267404852
0.08206498422901443,-0.14558528537390059,0.7758280130262134
0.48190247798106656,-0.0444747134219734,-0.7020901990010402
-0.5500549407738728,0.6219544110225312,-0.5677567290213605
-0.09201156125073195,0.7543521844708518,-0.7931945815807271
-0.2509367382492049,-0.3567089745756853,-0.4397549271877348
-0.971674481220117,-0.025763992715799322,-0.10926000324373608
0.4815966742094311,-0.3938076847261265,0.16237332503444923
-0.37370780335049814,0.5059892727377635,-0.6517088696312836
-0.021298778359329917,-0.1084437347451761,-0.08252227149187186
0.07622689192571142,0.072276120164809,-0.36730457850312526
0.27099192650665027,0.4472893265094351,-0.36038439627939933
0.18458091913261065,-0.07481804008361492,-0.031135265663067013
-0.21172343457125287,0.07251839202155907,-0.5637304907130736
-0.517953924289962,-0.5996785184912403,0.18897616764115033
-0.5093412987645198,0.5612592446944531,0.8106018695183461
0.5194537946811002,-0.34343748659267725,0.885271132435087
-0.3114336079430706,-0.2768691092693234,0.19055749298475444
0.3213538508540068,-0.18232272253769666,0.5733318314298166
0.707050770418145,-0.42278559644385494,-0.5507953865298889
-0.20511983341773998,0.39721645987895693,0.3396450694448756
-0.648745462173477,-0.22260441405589382,0.8037179405744161
0.9198099128925676,0.20845020985067153,0.5602353902997423
0.6796069278474937,-0.5556141848280256,-0.8682374682594554
0.22271711111443793,-0.23061679000016233,0.4215049873478802
-0.41264216459179903,-0.13207527989215673,0.6165822349645107
-0.8135045348319383,-0.184316188812383,-0.6935169978231082
0.06722809062677837,0.4655414345558344,0.9743745502739927
0.5069353780201071,-0.7114984933198916,-0.1259877633221984
0.0843781362667475,0.27552227592987544,0.40168502215939905
0.5874892582388103,0.40452815116908103,-0.36545257874329673
-0.7258237001191041,-0.2827466610197882,-0.6516978408946752
-0.5299626336539531,-0.006099379175213526,-0.022553398694636462
0.12962126725630907,-0.7144601611936161,-0.27897061841460524
-0.8702965023572302,-0.04964941695586189,0.058074198093742035
0.7744485020192049,0.43817235888378314,-0.5877245412889092
0.5945696250481916,0.6268379360919849,0.5429664381894501
-0.7797000875019571,-0.19943730038620067,-0.7904050134810046
0.3039292467074104,0.3341142875049494,-0.7145658220175666
-0.2570767455093437,-0.30220629375600994,0.5012458172992811
-0.17722774392070262,-0.26390647939168943,0.0979960251281966
0.23329938114857796,0.13550554358026523,-0.8916181151223743
0.63015150756375,0.6377447922121815,-0.984827383692225
-0.13962938108349499,0.5714483898652278,-0.16910818021307983
0.7195738142087018,0.39040743964340385,0.3212594743722339
0.8115334274579575,0.5579144707595585,0.16993312161395546
-0.9053974821222515,-0.09105422900280224,0.3774772721464883
0.04632230645504265,0.16947305291988934,-0.30129487637836294
0.682383699147153,-0.509123092358206,0.27907823211766947
-0.12649311198529545,-0.7025221615255872,-0.9618461375620402
-0.7401605971089094,-0.4235696043855901,-0.055270066292887554
0.960468956673491,-0.13798364860033208,-0.06042382800430457
0.20538922401233117,-0.8062623124016399,0.07736789953774759
0.3480359868227285,0.8885450123782559,0.2863332420889366
0.08980326282249029,-0.1797561013431379,0.8236444294129901
0.046699484882690045,-0.04481835912867016,0.46754956718126683
-0.12427021389024429,-0.8654948590594314,0.1836647333345467
0.7320282116182142,-0.2613730713075928,-0.8076491153997916
0.3084029792379708,-0.8249854742945517,0.02473895895240452
0.822385683131718,-0.5310569093903821,-0.38525410760089307
0.22271925303081663,0.14694993837204384,0.12096438256250464
-0.2159285302755638,-0.9182114352260726,0.1904698018577773
-0.44646695391953695,0.24084792253870857,-0.12422699900136158
0.9420956216629306,-0.04458011028717035,0.06803073070548904
-0.462235577200673,-0.6523756273812042,0.41229242739033967
-0.08891266143763255,0.17033723875740336,-0.6348122757527688
0.019932269654971746,0.3173722535044057,0.5195158119059511
0.3330946965898023,-0.17242309467995387,0.370493047832847
0.19374307093675136,-0.04519126188737199,0.2606022241813575
-0.38727670882481946,-0.8736655117102241,-0.7043287829524463
-0.4816540502690341,0.6777049647169371,0.5791179088384923
0.08242107747889449,-0.3940282145360343,-0.786336712511754
-0.10849272504951069,0.45928148284156234,0.8209899265429028
0.08397639351024866,-0.7497442407757975,0.9525383415019726
0.07546699347350794,0.5392531643610132,0.245023903404334
-0.8704517068711446,-0.07606584901648517,-0.9760496520013529
0.13138357403040524,-0.7759127602297207,0.3704810190535044
0.21089057057737248,0.2749254360159614,0.376669177008065
0.8557920290139569,-0.10527296227944793,0.222004584943581
0.059521859045949865,0.17804759552746008,0.35868623917823506
-0.9145803136036872,0.11018798544680708,-0.38978204499198155
0.5692933678704322,-0.6762008438511149,-0.699634876431044
0.3801001286562071,0.12542670123734356,-0.4663595912676066
-0.7306068795038325,0.1554867001221456,-0.5037595917350601
0.7121813982130627,-0.4702942958942813,0.8661947249123525
-0.9564787383099018,0.22183710284668434,-0.4353194409093537
-0.050774866016009,-0.1269660317821668,0.6182045350655339
-0.6294757840814347,0.5356006276452578,-0.9319062839300016
0.27347853751569917,0.6473466270777757,-0.14118115673414056
0.698153636076108,-0.2904344060908097,-0.2900471015030184
0.7353274739750368,-0.35624163129690034,-0.5647193011781875
-0.48458435900524366,0.38186599152379697,0.9591198072523
0.041905095896703326,-0.7856057811140846,0.3694364090601965
0.7971127469798192,0.5630390288224492,-0.9963257540439512
-0.37562818434077627,0.5530532120619098,0.40268974440047556
0.37909791822160743,-0.23890182878570654,-0.9299916358663753
0.5363294688247491,-0.085877306233346,0.7300006303832973
0.7722542032008923,0.4025575462701785,-0.12769053577030287
0.03204249343201515,-0.8032855950469568,-0.5150286034989531
0.14988395744474303,-0.644437618606273,-0.2830241217191245
0.28635723803100177,0.18949418715401856,0.7876506689883409
-0.13359161614881132,0.1072882260652146,-0.1563127661171153
0.5097477141592697,0.25136271714108305,0.8906995485539075
0.23250999197436895,0.2770559801962804,-0.5968669712809571
-0.45716782690907865,0.19085010025320592,-0.471240840722281
-0.6939393943367342,0.42840268519356695,0.5642044731929037
0.32207767267882104,0.8208375438609727,0.5405578519516225
-0.09163924656930122,0.5005469783353926,-0.43181779773540474
0.6061676455239973,-0.1873177482898709,0.9418098983233476
-0.9442190307537242,0.16542535601226915,-0.7401074502595975
0.6826565529638413,-0.5339713169725211,-0.9437137637140189
0.6064685443319482,-0.17891170679451385,-0.8319156728706163
0.34551109432682514,0.8022229739173241,-0.8324250684141687
0.22158365010585412,-0.30477537558357826,-0.9151137461013474
-0.38423497839619736,0.07490416572379033,0.2414789253111722
0.7008719641997629,0.7124618108374778,-0.6577366309145667
0.2552981280564144,0.7533177066777854,-0.5001829068760906
0.2060186003547153,0.9765504486605119,0.2687761451643784
0.4030327084316876,-0.37842398946555256,0.9850344554488402
0.6629030933425506,-0.35447919794960514,-0.39640649277255524
-0.9904028824467193,-0.03769683461302997,0.7468228736139788
0.5698276345461695,-0.7048939470604805,-0.5166442861996048
-0.6775291400478956,-0.4807282775833215,-0.5948481837252977
-0.6700163064224591,0.10635930247581804,0.8284952610024263
0.7092159962365403,0.24265886953501714,-0.36761003157386374
-0.5679890155684801,0.5801283286903494,0.40136515939965167
-0.3783980790988133,-0.5603673648623493,0.27451254859081486
0.023036554211756544,0.588192696149644,-0.10831322764609652
0.047158128970398616,0.4294889394643928,0.11225391117300254
0.08068737551135552,-0.6155816016268338,-0.5132216914327332
-0.5716417652516597,0.21290736338751692,0.8173555181625303
-0.4717668604773757,-0.3010930826415321,-0.42501839924566065
-0.09569085148307988,-0.3915446979653532,-0.5067331839651656
0.7395393864969866,-0.6138658221047211,-0.6106462681822336
0.8120669295739491,0.24636250132618653,0.37208486920993544
-0.48212097604897686,0.08558042921807729,0.7475359351043134
0.060181267985621734,0.0665546576002396,-0.4421092258616144
-0.640112135413877,-0.041421166616968375,-0.21205152372858604
0.803434932496635,-0.583457149179287,-0.9487296414796094
-0.8966571115519881,-0.3656886943465625,-0.5622714263401078
-0.20620492039837335,0.7605272145335022,0.4563380157160424
0.18678528777908543,0.6638812497643365,0.7581455675482838
-0.8701273232960491,0.378279239452167,-0.7377824700568834
-0.178477472872697,-0.22077638589892223,-0.4568035663387582
0.13913847903510046,-0.6185698131348036,0.04174346835108578
0.06715759466636051,-0.6752298142032298,-0.8241397110978563
-0.039155838419463906,-0.8947688690143725,0.6821141451981139
-0.050237239067101314,-0.649562911066861,0.6375958206967001
0.1326084653830759,0.6246839413132836,0.8702342526287088
0.9397588351994988,0.3252402753351076,0.7457344863405786
-0.8731038700476899,-0.3242018445418413,-0.05032146731563225
0.02442340046874003,-0.2648582394020753,0.6339738049812367
0.16464975845923924,0.6932492248941047,-0.11385434478752599
0.883542111576779,-0.28828191181619256,0.9864087075333281
0.13264659388116073,-0.2455456420445259,0.24125700988337262
-0.7874865504969881,0.37375756901210133,0.19967965230372475
0.17247814676357276,-0.8783400807051069,0.5252369859859634
0.8008247332292833,0.2513876653909808,0.5283225170959129
0.8888520633312618,-0.09068315697992735,0.02380618589091754
0.7763815125108264,0.35352969224862774,-0.4466135078282705
0.17882483488296885,0.5347911360118374,0.6883613964165765
-0.7404115710879331,-0.6657754714810786,0.374924440854848
0.43196058933099124,0.45908469324301815,-0.021468434484557486
-0.23253093618599996,0.9208423868008973,-0.490519238704187
0.2505319940221875,0.3254139003324439,-0.5621809617637104
0.4801757943779854,-0.659126483567116,-0.25605768861064115
0.273488801920833,0.5546656245545027,-0.09434336623935669
0.6167168271259615,-0.05589704715327937,0.3278211630344401
0.6670160457905008,0.12538618577668825,0.1250522596145356
0.23576466318230915,0.3627732446401042,-0.9659221849631832
0.7477684220948613,-0.5249342196037923,0.9348488930820369
-0.3083344737437408,0.6895629602707563,0.4253317126313776
-0.9541731262136111,0.024126234623456533,-0.2125874436931443
0.2401612330465579,-0.6748839164049598,0.6750530365488892
0.9425200962816973,-0.12423233406457856,0.6767801201431061
0.21045212213969844,0.42993921604152496,-0.17894251050890997
0.022764763624288697,-0.45626249249765216,-0.3260019933467111
0.4999497148297223,-0.6759970054427098,-0.13886536418834594
0.6705934784309802,0.01763653423665379,0.015611629614706413
0.007559800490466895,-0.6561595757723291,0.9814313413648048
0.4966860038237537,-0.42885607543670257,-0.30536559319192724
0.41526662493766353,0.7402350812787164,0.10299677217845904
-0.4272898995855592,-0.2823336639675065,0.08941042143074251
0.7726732003168437,0.40785091416691865,-0.548912685144965
0.6015253154620872,-0.4952733890615546,-0.9685801988936764
-0.231275900352218,-0.6548414071178152,-0.8103752811486118
0.09841200306332754,0.309559292618953,0.5706366304305737
0.48340099515964985,-0.5842684752381591,0.19098716136562954
0.8727090158129462,-0.22185198530496275,-0.8347665335351748
0.63506869562998,-0.11722714362999453,-0.3010139168814403
-0.14522831989277263,0.4183641061936809,0.4561355374070548
-0.12833734471956793,-0.4669306250417973,-0.6982917061893783
-0.8654466475368217,0.18602035631382674,0.9462917047429711
0.1517892167374315,0.9413311954902079,-0.7093808090072089
0.43867990247047284,0.6825643274958015,-0.7708229343372648
0.23304948996628938,0.8235219065292099,0.4226296121111106
0.5461074442164633,-0.4019055787964789,0.699093427497923
-0.7233955614754528,-0.20008931419637288,-0.02168330027383658
-0.26375405119674267,-0.6886975733417864,0.8193336635263098
-0.1126713974750575,0.17848784137882068,-0.147717347791126
-0.8377417684764108,0.22179277322893642,0.5539224168546362
0.8350749589157636,0.11231447373114523,-0.060162798349486124
-0.4428529114389326,0.44060838908801037,-0.19548520872562292
0.08373767899342344,-0.45732596966341266,0.946598244606869
0.8407008600433776,-0.47196148996353227,-0.23140219049110233
-0.7892281158595309,-0.20941691900254833,-0.5171760757091899
0.4532509704545715,-0.3745846281289167,0.37177396720132916
-0.419178376421268,0.5420854934726971,0.7283715297384219
0.8115601989162515,0.3889684173592334,-0.12176572803839947
0.1696267129485829,0.5240717460606676,-0.36848324656986375
0.7667366523899748,0.5733472465281939,0.388675092828054
-0.10674150505214985,0.37294232383801407,0.30142103280646615
-0.15292834630337393,0.471508936930924,0.715430610856999
0.5501312100446125,0.19129831207476977,0.5245007570416043
-0.30352236068877114,-0.1909954140427914,-0.9187875666742402
0.22521289305295422,0.6477892644010061,-0.6676208408392172
0.14054088993613156,0.44614272257237575,0.16554806844795356
0.5581862610856883,-0.21840961964294614,0.8805105476588315
-0.17595178018017843,-0.7070789139867695,-0.6592205844337353
-0.21375662718126587,0.973907722919513,0.8298324876452783
0.7992081637222321,0.32634829171910806,0.006660504558043456
0.28468132136878954,0.21034740788213502,0.9094562920326359
-0.21414564161751048,-0.21634703145661094,0.4584489469754862
0.6075585279802247,0.47865097657843614,-0.6808257573502867
0.2671542605167443,-0.46233046966466906,-0.45166243426739583
0.34361083692064476,0.591837403802197,-0.7862687935238892
0.8933956645629451,-0.06834478317419523,0.5649164056427805
-0.912357654388972,-0.17011585613277314,0.630283360880723
0.9501212655612743,0.2282888237256464,0.6426796946449416
-0.6815363237812619,0.1482451034984853,0.7507833538069206
0.731057911285925,-0.6568088479001069,0.6574346364252008
-0.20389828344088023,0.024954897036845614,0.5945023829504317
0.3365069355275503,-0.34804625019263047,0.7119304399261293
-0.96965186583739,0.15097266879547022,-0.8011477820487254
-0.4376599855908607,-0.3900136263462419,0.8650842252697026
0.2823251584988793,0.5569625515584142,0.01941353829924508
0.4187967694747139,-0.811193049054771,-0.13816337568187342
0.3443471961516089,-0.4504313004934777,-0.2535402886215814
0.5189338597948918,-0.5779306690619561,0.844666222043041
-0.7182611292867851,-0.5540579566333581,0.22878952335469616
-0.5398577495217534,0.679916642345362,-0.28234339295104305
-0.7455125390230883,0.33807281170758796,-0.14512480944336614
0.2478117412327263,-0.7761265002142372,-0.8939656983708419
-0.4093313110248673,0.030311022977463242,-0.601858958944604
-0.5835746939569992,0.6723173668335665,-0.515913436172214
-0.3059635422166671,0.7425917089209084,0.9958008452084108
0.5444810167969463,-0.7189402814548511,0.5293865722975619
-0.5615059270196074,-0.14772861592384978,-0.7155867499898707
